{
	"activities": [
		{
			"name": "Musée Olympique",
			"location": "Quai d'Ouchy 1, 1006 Lausanne",
			"appointment": "11:22",
			"description": "Visite du musée olympique de Lausanne et\nrécapitulatif en classe.",
			"type": "culture",
			"date": "30.02.2020",
			"links": "aucuns",
			"cost": 500,
			"writer": "M. Jacob Smith",
			"attendances": [
				{
					"Borcard": "true",
					"Gacon": "false",
					"Bourgue": "true",
					"Razic": "true"
				}
			]
		},
		{
			"name": "Restaurant Minuit Soleil",
			"location": "Rue Centrale 23, 1003 Lausanne",
			"appointment": "11:45",
			"description": "Repas en commun, rendez-vous en avance à 11:45, repas optionnel.",
			"type": "repas",
			"date": "33.02.2020",
			"links": "Leur site internet : minuit-soleil.ch",
			"cost": 260,
			"writer": "M. Kevin Clark",
			"attendances": [
				{
					"Borcard": "true",
					"Gacon": "true",
					"Bourgue": "true",
					"Razic": "true"
				}
			]
		},
		{
			"name": "Laser Game Evolution",
			"location": "Rue de Genève 88, 1004 Lausanne",
			"appointment": "13:25",
			"description": "Sortie optionnelle offerte par le CPNV, 2 parties uniquement.\nLes élèves sont priés de nous informer de leur présence à la sortie avant le départ pour le voyage.",
			"type": "loisir",
			"date": "34.02.2020",
			"links": "Leur site internet : lasergame-evolution.com",
			"cost": 150,
			"writer": "M. Jacob Smith",
			"attendances": [
				{
					"Borcard": "true",
					"Gacon": "false",
					"Bourgue": "true",
					"Razic": "true"
				}
			]
		},
		{
			"name": "NonStop Gym Malley",
			"location": "Avenue du Chablais 3B, 1007 Lausanne",
			"appointment": "15:15",
			"description": "Sortie obligatoire",
			"type": "sport",
			"date": "35.02.2020",
			"links": "Leur site internet : nonstopgym.com\nLeur numéro de téléphone : 021 625 23 49",
			"cost": 90,
			"writer": "Mme. Jessica Hovers",
			"attendances": [
				{
					"Borcard": "true",
					"Gacon": "false",
					"Bourgue": "false",
					"Razic": "true"
				}
			]
		},
		{
			"name": "Sortie Pizza",
			"location": "Box59, Chemin de Budron H7, 1052 Le Mont-sur-Lausanne",
			"appointment": "11:15",
			"description": "Repas en commun, trajet commun rdv devant l'hotel.",
			"type": "repas",
			"date": "31.02.2020",
			"links": "Leur site internet : vaivai.ch",
			"cost": 235,
			"writer": "M. Kevin Clark",
			"attendances": [
				{
					"Borcard": "true",
					"Gacon": "false",
					"Bourgue": "true",
					"Razic": "true"
				}
			]
		}
	]
}